book_name,book_id,chapter_name,section_name,exercise,exercise_summary,page_number
Statistics with Python. 100 solved exercises for Data Analysis,stats_py_malato_2025,Chapter 1 Probability,General,Exercise 1. Analysis of a Retail Website's Visits,"An online store recorded a total of 50,000 visits to its website in January. During the same period, 1,200 of these visits resulted in purchases. Based on these historical data, what is the estimated probability that a visitor randomly chosen from this store's website in the future completes a purchase? Provide your answer in percentage.",8
Statistics with Python. 100 solved exercises for Data Analysis,stats_py_malato_2025,Chapter 1 Probability,General,Exercise 2. Fault Analysis in a Production Line,"An electronics component factory recorded a total of 240 working days over the last 12 months. During this period, there were 36 days in which at least one failure was found in the production process. Based on this historical data, what is the probability that on a randomly chosen working day in the coming months, at least one failure will be recorded in the production line? Present your answer as a simple fraction.",9
Statistics with Python. 100 solved exercises for Data Analysis,stats_py_malato_2025,Chapter 1 Probability,General,Exercise 3. Analysis of a Production Process,"In a manufacturing company that produces electronic gadgets, it has been observed that out of 10,000 units produced in a month, 300 units are defective. The company decides to improve its production processes to reduce the number of defects and wants to evaluate the probability of achieving better results in the coming month. Assuming the defect rate remains unchanged, what is the probability that at least one gadget chosen at random from a batch of 500 units is defective?",10
Statistics with Python. 100 solved exercises for Data Analysis,stats_py_malato_2025,Chapter 1 Probability,General,Exercise 4. Customer Preference Analysis in a Clothing Store,"A clothing company wants to analyze the behavior of its customers. In the past six months, they noticed that 600 customers purchased a product immediately after trying on a specific item in the fitting room, while 1800 customers tried it on but did not purchase it. Based on these data, the company wants to know the probability that a customer, after trying on an item in the fitting room, decides to purchase it. Present your answer as a decimal value rounded to two decimal places.",11
Statistics with Python. 100 solved exercises for Data Analysis,stats_py_malato_2025,Chapter 1 Probability,General,Exercise 5. Analysis of Conversions in an Ecommerce,"In an online store, a company's analyst is monitoring user behavior on the platform. The conversion rate of a user visiting the site and completing a purchase is 10%. Additionally, among those who convert, 30% of these users purchase at least 2 products in the same order. If a user visits the site, what is the probability that they convert and also buy at least 2 products?",12
Statistics with Python. 100 solved exercises for Data Analysis,stats_py_malato_2025,Chapter 1 Probability,General,Exercise 6. Evaluation of the Probability of Participation in Company Events,"A company is analyzing employee behavior concerning participation in internal training events. 25% of employees voluntarily attend technical workshops, and 15% attend personal development courses offered by the company. It has been observed that 5% of employees participate in both types of events. What is the probability that a randomly chosen employee participates in at least one of these events?",13
Statistics with Python. 100 solved exercises for Data Analysis,stats_py_malato_2025,Chapter 1 Probability,General,Exercise 7. Analysis of Customer Satisfaction in a Service Company,"A service company is analyzing the satisfaction of its customers through an annual survey. The data collected shows that 40% of the customers surveyed are satisfied with the service received, while 25% are satisfied with the after-sales support. Furthermore, it was noted that 10% of the customers are satisfied with both the service and the after-sales support. Calculate the probability that a random customer is satisfied with at least one of the two aspects (service or after-sales support).",14
Statistics with Python. 100 solved exercises for Data Analysis,stats_py_malato_2025,Chapter 1 Probability,General,Exercise 8. Analysis of Marketing Campaigns,"A company is analyzing the effectiveness of two different advertising campaigns. The first campaign, conducted on social media, reaches 20% of potential customers, while the second campaign, on a television platform, covers 35% of the target. Market analysis shows that 10% of potential customers are reached by both campaigns. What is the probability that a potential customer is reached by at least one of the two advertising campaigns?",15
Statistics with Python. 100 solved exercises for Data Analysis,stats_py_malato_2025,Chapter 1 Probability,General,Exercise 9. Customer Preferences Analysis of a Company,"An e-commerce company wants to analyze the purchasing preferences of its customers for two product categories: electronics and clothing. From the database, it is observed that 45% of customers have made at least one purchase in the electronics category, while 55% of customers have bought at least one product in the clothing category. Furthermore, 20% of customers have purchased at least one product in both categories. Calculate the probability that a randomly selected customer has made purchases in at least one of the two categories.",16
Statistics with Python. 100 solved exercises for Data Analysis,stats_py_malato_2025,Chapter 1 Probability,General,Exercise 10. Sales Performance Analysis in a Company Commission,"A company relies on a team of salespeople to launch a new product on the market. Each salesperson has a distinctive approach to closing sales. The probability that salesperson A concludes a sale in a call is 0.35, while for salesperson B it is 0.5. Since both are working on separate calls, calculate the probability that at least one sale is concluded, if each makes one call. Consider the strategies of the salespeople to be distinct and independent.",17
Statistics with Python. 100 solved exercises for Data Analysis,stats_py_malato_2025,Chapter 1 Probability,General,Exercise 11. Simulation of Advertising Campaigns' Success,"In a small marketing agency, two teams are working separately on advertising campaigns for different clients. Team Alpha is conducting an email marketing campaign, while Team Beta is focusing on a social media campaign. According to past analyses, the probability that Team Alpha's campaign meets its goal is P(A) = 0.6, while the probability for Team Beta’s campaign is",17
Statistics with Python. 100 solved exercises for Data Analysis,stats_py_malato_2025,Chapter 1 Probability,General,Exercise 12. Risk Analysis in an Insurance Company,"In an insurance company, there are two independent risk assessments conducted to determine the coverage of a policy. The first assessment is based on the customer ’s creditworthiness, with a probability of passing of 0.8. The second assessment examines the claims history, with a probability of passing of 0.75. Calculate the probability that a customer passes both assessments and can therefore obtain the requested insurance coverage.",18
Statistics with Python. 100 solved exercises for Data Analysis,stats_py_malato_2025,Chapter 1 Probability,General,Exercise 13. Analysis of Cross-Selling Operations in a Department Store,"In a department store, a section is analyzing customer purchase habits to improve cross-selling strategies. It is known that the probability that a customer buys an appliance is P(A) = 0.25, while the probability that they buy a furniture item is P(B) = 0.35. These two events are considered independent. Calculate the probability that a customer neither buys an appliance nor a furniture item during their visit.",19
Statistics with Python. 100 solved exercises for Data Analysis,stats_py_malato_2025,Chapter 1 Probability,General,Exercise 14. Analysis of Advertising Sales,"A digital marketing company analyzed the response data to its email advertising campaigns in the last quarter. Out of a total of 25,000 emails sent, it recorded that 5,250 of these led recipients to visit the promotional website. Simultaneously, out of the emails sent, 1,200 resulted in a direct sale on the site. Based on this data, calculate the estimated probability that a randomly selected email recipient visits the promotional website and simultaneously makes a purchase. Present the result as a decimal value rounded to four decimal places.",20
Statistics with Python. 100 solved exercises for Data Analysis,stats_py_malato_2025,Chapter 1 Probability,General,Exercise 15. Employee Performance Evaluation through Internal Surveys,"A consulting firm manages a professional development program for its employees. In order to improve the program, anonymous satisfaction surveys are conducted among employees at the end of each quarter. In the last year, out of 800 distributed surveys, 600 were completed and returned by employees. Furthermore, 450 of these completed surveys express a positive evaluation of the program. Determine the estimated probability that a randomly chosen survey among the completed ones expresses a positive evaluation.",21
Statistics with Python. 100 solved exercises for Data Analysis,stats_py_malato_2025,Chapter 2 Descriptive Statistics,2.1 Mean Value,Exercise 16. Market Performance Analysis,"A technology company recorded its monthly revenue for an entire year, reporting the following data in thousands of euros: [50, 75, 60, 85, 90, 80, 95, 100, 70, 85, 110, 95]. The company's manager wants to know the average monthly revenue to evaluate last year's performance. Calculate the average monthly revenue using the provided data.",25
Statistics with Python. 100 solved exercises for Data Analysis,stats_py_malato_2025,Chapter 2 Descriptive Statistics,2.1 Mean Value,Exercise 17. Analysis of a Clothing Store's Sales,"A retail clothing store recorded daily sales for two consecutive weeks. The collected data are as follows: [1500, 1700, 1600, 1800, 2100, 1900, 2000, 1800, 1600, 2300, 2100, 1900, 2000, 2200] (in euros). The store manager wants to better understand the average daily sales to optimize inventory and improve marketing strategy. Calculate the average daily sales for the analyzed period using the provided data.",26
Statistics with Python. 100 solved exercises for Data Analysis,stats_py_malato_2025,Chapter 2 Descriptive Statistics,2.1 Mean Value,Exercise 18. Analysis of the Average Cost of Advertising Campaigns,"A digital marketing company launched several advertising campaigns for a range of products over the past quarter. The monthly costs for each campaign, expressed in thousands of euros, are recorded as follows: • Campaign 1: [4.5, 5.0, 4.7] • Campaign 2: [3.2, 3.8, 4.0] • Campaign 3: [5.5, 6.0, 5.8] • Campaign 4: [4.0, 3.9, 4.1] The financial director wants to get an overall view of the economic efficiency of the campaigns to optimize the budget and plan future investments. Calculate the average monthly cost of each campaign.",27
Statistics with Python. 100 solved exercises for Data Analysis,stats_py_malato_2025,Chapter 2 Descriptive Statistics,2.2 Standard Deviation,Exercise 19. Assessment of Product Stability,"Two companies, Alfa S.p.A. and Beta S.r.l., sell the same type of product with an average monthly revenue of 50,000 euros. However, the financial manager wants to identify which of the two products exhibits a more stable sales trend over time. Here are the data from the past six months: Alfa S.p.A.: [48000, 52000, 47500, 50500, 49500, 51500] Beta S.r.l.: [49000, 51000, 46000, 54000, 50000, 50000] Determine which product shows greater sales stability and explain why.",29
Statistics with Python. 100 solved exercises for Data Analysis,stats_py_malato_2025,Chapter 2 Descriptive Statistics,2.2 Standard Deviation,Exercise 20. Analysis of Daily Work Performance,"A consulting firm wants to assess the variation in daily productivity of its consultants. Management has collected data regarding the actual working hours of a consultant over a period of two working weeks (10 working days). The data collected are as follows: [7,8,7.5,8.5,7,9,6.5,8,7.5,8] Use this data to determine how the daily productivity of the consultant varies relative to the average. What conclusion can you reach regarding the consistency of his daily productivity?",30
Statistics with Python. 100 solved exercises for Data Analysis,stats_py_malato_2025,Chapter 2 Descriptive Statistics,2.2 Standard Deviation,Exercise 21. Employee Performance Analysis,"In a tech company, the software development department is monitoring the number of lines of code produced per developer on a weekly basis for an entire month. This data has been collected for five developers: Developer 1: [340, 360, 370, 350] Developer 2: [400, 380, 390, 410]",31
Statistics with Python. 100 solved exercises for Data Analysis,stats_py_malato_2025,Chapter 2 Descriptive Statistics,2.2 Standard Deviation,Exercise 22. Industrial Production Analysis,"A manufacturing company produces two types of components, A and B, which are then assembled into final products. The weekly production of A and B follows normal distributions with known means and standard deviations: pA = 1500 units, oA = 100 units, pe = 1000 units, and aB = 150 units. Additionally, it’s known that the covariance between the productions of A and B is cov(A,B) = 1200. Calculate the standard deviation of the total components produced weekly.",33
Statistics with Python. 100 solved exercises for Data Analysis,stats_py_malato_2025,Chapter 2 Descriptive Statistics,2.2 Standard Deviation,Exercise 23. Corporate Financial Risk Analysis,"A company in the financial sector manages two investment funds, Fund X and Fund Y. These funds invest in uncorrelated assets, so their returns can be considered independent. The annual volatility of Fund X’s return is ax = 0.08, while that of Fund Y is ay = 0.10. In a year, an investor wants to know how risky the combined total of returns from both funds is. Determine the overall standard deviation of the investor's final return.",35
Statistics with Python. 100 solved exercises for Data Analysis,stats_py_malato_2025,Chapter 2 Descriptive Statistics,2.2 Standard Deviation,Exercise 24. Analysis of Monthly Production Capacity Fluctuations,"A tech company produces two types of electronic components monthly, Components X and Y, which are then integrated into the devices sold. The monthly production of X and Y may vary",36
Statistics with Python. 100 solved exercises for Data Analysis,stats_py_malato_2025,Chapter 2 Descriptive Statistics,2.2 Standard Deviation,Exercise 25. Evaluate the Stability of an Investment Portfolio,"A company decides to evaluate the performance of a new investment fund. The monthly data from the last two years show the following monthly percentage returns for twelve consecutive months: [2.5, 3.2, 3.0, 2.8, 3.4, 2.9, 2.7, 3.1, 2.6, 3.3, 2.9, 3.0], The company wants to examine the average of the monthly returns and the standard deviation to determine the stability of the returns. The smaller the standard deviation relative to the mean, the greater the stability. Based on these calculations, briefly discuss whether the investment can be considered stable.",37
Statistics with Python. 100 solved exercises for Data Analysis,stats_py_malato_2025,Chapter 2 Descriptive Statistics,2.2 Standard Deviation,Exercise 26. Sales Variables Analysis,"An e-commerce company wants to analyze the sales performance of its products to assess the consistency of monthly sales. The sales data in euros for the first six months of the year are as follows: [5700, 6200, 6500, 5900, 5800, 6400], The company believes that a good assessment of sales consistency can be obtained by calculating an index that relates the average value of sales to their standard deviation. A higher value of this index indicates greater consistency in sales. Evaluate whether the sales can be considered consistent based on this index.",38
Statistics with Python. 100 solved exercises for Data Analysis,stats_py_malato_2025,Chapter 2 Descriptive Statistics,2.2 Standard Deviation,Exercise 27. Analysis of Company Production Performance,"A manufacturing company wants to analyze the efficiency of its electric motor production line. In the last six months, the monthly production in units has been: 1200, 1300, 1270, 1250, 1285, 1260. The company wishes to understand how stable the production process is. Managers believe that a numerical comparison can provide a clear indication: less variation from the mean suggests greater stability of the production process. Evaluate the stability of the production process based on this index.",40
Statistics with Python. 100 solved exercises for Data Analysis,stats_py_malato_2025,Chapter 2 Descriptive Statistics,2.3 Median Value,Exercise 28. Analysis of Company Compensation,"In a major consulting firm, the human resources team is evaluating employee salaries to determine if there are significant disparities between various departments. The following data on the annual salary (in thousands of euros) of employees in a particular department has been collected: [40, 45, 50, 55, 60, 65, 70] The HR manager wants to understand what the central value that best represents the salary situation of the department is. Calculate this value and discuss how it might reflect the salary distribution more accurately compared to other statistical summaries, such as the simple average.",41
Statistics with Python. 100 solved exercises for Data Analysis,stats_py_malato_2025,Chapter 2 Descriptive Statistics,2.3 Median Value,Exercise 29. Analysis of Delivery Times in an Online Stationery Store,"An online stationery store has recorded the delivery times (in days) of its orders in one state for the month of September. Here is the collected data: [2, 3, 3, 4, 4, 5, 7, 8, 10, 12, 15] The management wants to identify the central value of the delivery times to evaluate the overall efficiency of their logistics system. Determine this central value and discuss how it can provide a more accurate picture of the management system compared to other statistical summaries, considering the presence of outliers or exceptionally long times.",43
Statistics with Python. 100 solved exercises for Data Analysis,stats_py_malato_2025,Chapter 2 Descriptive Statistics,2.3 Median Value,Exercise 30. Analysis of Customer Service Times in a Call Center,"An international call center is analyzing response times to calls to improve customer service. Here are the recorded wait times (in minutes) during a peak period: [1, 2, 2, 3, 3, 3, 4, 5, 7, 10, 12, 15, 20] Management wants to understand what the typical wait time is to identify areas for immediate improvement and is seeking to establish a benchmark that is not influenced by exceptionally long waits due to rare unforeseen events. What is the value that best represents this time series, and how can it be used to guide the strategic decisions of the call center?",43
Statistics with Python. 100 solved exercises for Data Analysis,stats_py_malato_2025,Chapter 2 Descriptive Statistics,2.4 Percentiles,Exercise 31. Analysis of Response Times in a Contact Center,"An insurance company's contact center is evaluating the effectiveness of its operations to improve customer satisfaction. In particular, management wants to understand the risk associated with long response times during peak hours. A sample of response times (in seconds) was collected for calls made during the past month. The collected data are as follows: 38, 42, 35, 39, 45, 40, 37, 44, 41, 36, 38, 39, 43, 34, 37, 42, 38, 40, 36, 37 The objective is to understand up to what value the response times extend within which 95% of calls fall, to better plan personnel and ensure high service standards.",45
Statistics with Python. 100 solved exercises for Data Analysis,stats_py_malato_2025,Chapter 2 Descriptive Statistics,2.4 Percentiles,Exercise 32. Sales Performance Analysis of a Product,"A sportswear company is analyzing the sales performance of one of its flagship products, a technical jacket for outdoor activities, to understand how production might be optimized in the next season. During the last quarter, weekly sales data (in units) were collected at the chain's physical retail locations. The recorded weekly sales data are as follows: 120, 135, 140, 150, 155, 160, 165, 170, 175, 180, 185, 190, 195, 200. The management intends to determine the number of weekly sales above which only 25% of the weeks exist, to recognize strengths and weaknesses in the product ’s production and distribution chain.",46
Statistics with Python. 100 solved exercises for Data Analysis,stats_py_malato_2025,Chapter 2 Descriptive Statistics,2.4 Percentiles,Exercise 33. Customer Satisfaction Analysis in the Hospitality Industry,"A major hotel chain is looking to improve customer satisfaction and has collected data on customer satisfaction scores (on a scale of 1 to 10) for all its facilities in the last month. The recorded scores are as follows: 6,7,9,8,7,6,5,8,9,10,7,8,6,5,7,9,10,8,7,6,8,9,9,7,6 The management of the chain wants to identify the score below which 25% of the ratings fall, to pinpoint the hotels that require immediate improvement in the services offered.",47
Statistics with Python. 100 solved exercises for Data Analysis,stats_py_malato_2025,Chapter 2 Descriptive Statistics,2.5 Chebyshev's Inequality,Exercise 34. Analysis of Sales Fluctuations of Mass Consumer Products,"The company ABC S.p.A., active in the mass consumer goods sector, wants to monitor the consistency of the monthly sales of its main products. From the sales history of the last 5 years, analysts have calculated that on average, 10,000 units of product X are sold each month, with a standard deviation of 2.500 units. The board of directors is interested in knowing how frequently significant fluctuations from the average can occur since high variations in sales can influence supply decisions and marketing strategies. In particular, they want to estimate the absolute minimum and maximum sales threshold that can be expected in 2024, such that 90% of the months fall within this range. Knowing that no particular assumptions can be made about the data distribution, what estimate might the statistics team of ABC S.p.A. provide?",49
Statistics with Python. 100 solved exercises for Data Analysis,stats_py_malato_2025,Chapter 2 Descriptive Statistics,2.5 Chebyshev's Inequality,Exercise 35. Monitoring Inventory Fluctuations,"A tech company, TechWare, is looking to manage fluctuations in their inventory of graphics cards to meet the demand in the highly dynamic computer hardware market. Analysts have collected data over the past few years showing an average monthly stock level of 5000 units, with a standard deviation of 1200 units. The operations managers are concerned about the impact of inventory variations on production capacity and storage costs. They want to identify a monthly inventory safety range such that at least 85% of the time, the inventory levels remain within this range. Using historical data, what inventory range should TechWare consider?",51
Statistics with Python. 100 solved exercises for Data Analysis,stats_py_malato_2025,Chapter 2 Descriptive Statistics,2.5 Chebyshev's Inequality,Exercise 36. Management of Profit Margins,"The ItalFood company, specialized in the production and distribution of food products, wants to analyze the variability of monthly profit margins on its main products. From the analysis of historical data of the last 3 years, it emerges that the average profit margin is 15000 euros, with a standard deviation of 3000 euros. The management is concerned about the impacts that overly variable profit margins can have on investment decisions and wants to establish a safety margin. Specifically, they want to know what the range of monthly profit margins could be such that it can be stated with confidence that at least 95% of the months of the next year could have a profit margin within this interval. Provide an estimate based on historical data.",52
Statistics with Python. 100 solved exercises for Data Analysis,stats_py_malato_2025,Chapter 2 Descriptive Statistics,2.6 Identification of Outliers with IQR Method,Exercise 37. Quarterly Sales Analysis to Identify Anomalies,"In a company that produces construction materials, the data analysis team is reviewing the sales data of the last two years for each quarter. The quarterly data, in thousands of units, for various products are as follows: QuarterProduct AProduct BProduct C 01 23 45 12 Q2 26 47 15 Q3 28 49 11 Q4 29 52 14 QI 31 53 37 Q2 34 54 16 Q3 30 55 18 Q4 35 75 17 The team is tasked with identifying which numbers provided can be considered significant enough to cause concern or require further investigation by management. Use the provided data to identify any potential anomalies and indicate the calculation method and the values that are considered out of the ordinary for each product.",54
Statistics with Python. 100 solved exercises for Data Analysis,stats_py_malato_2025,Chapter 2 Descriptive Statistics,2.6 Identification of Outliers with IQR Method,Exercise 38. Analysis of Employee Overtime Hours,"In an IT service company, the human resources department is analyzing the overtime hours worked by employees over the last six months to determine if there are any significant irregularities. The monthly overtime hours for ten employees are as follows: EmployeejanFebMarAprMayJun 1 5 8103212 2 7 9116315 3 6 713842 4 9 1114960 5 10 1312750 6 4 10123225 7 8 86948 8 10 5812110 9 3 21443 10 7 98652 The task is to identify which employees are working disproportionate amounts of overtime in any given month, and if any anomalies might require preventive measures to avoid work overload.",56
Statistics with Python. 100 solved exercises for Data Analysis,stats_py_malato_2025,Chapter 2 Descriptive Statistics,2.6 Identification of Outliers with IQR Method,Exercise 39. Company Energy Efficiency Analysis,"An energy company is assessing the energy consumption efficiency of different sections of their production facilities. Corporate auditors have collected weekly data, expressed in thousands of kWh, related to consumption for four different sections over the past two months. Table 2.3: Energy ConsumptionWeekSection ISection 2Section 3Section 4 1 105 98 115 102 2 110 99 120 104 3 108 105 122 106 4 111 101 117 108 5 109 110 121 103 6 113 120 129 107 7 115 104 124 110 8 116 125 127 105 The team is tasked with determining which data among these are significantly different from the others, suggesting a need for more in-depth analysis. Identify the standout values and describe how to interpret them.",58
Statistics with Python. 100 solved exercises for Data Analysis,stats_py_malato_2025,Chapter 2 Descriptive Statistics,2.7 Pearson Correlation Coefficient,Exercise 40. Analysis of the relationship between sales and advertising,"An e- commerce company wants to understand the relationship between weekly advertising expenses and the sales generated through its online campaigns. Data was collected over 10 weeks, concerning advertising expenses in thousands of euros and sales in thousands of units generated. The collected data is as follows:",60
Statistics with Python. 100 solved exercises for Data Analysis,stats_py_malato_2025,Chapter 2 Descriptive Statistics,2.7 Pearson Correlation Coefficient,Exercise 41. Relationship between Training Hours and Employee Productivity,"A consulting company recently implemented a training program for its employees and wants to understand the impact of this program on productivity. Data were collected from seven departments of the company regarding the average number of monthly training hours per employee and average monthly productivity per employee, measured in output units. The collected data are as follows: DepartmentTraining Hours (average)Productivity A 10 200 B 15 220 C 22 240 D 25 260 E 31 280 F 35 300 G 40 320",62
Statistics with Python. 100 solved exercises for Data Analysis,stats_py_malato_2025,Chapter 2 Descriptive Statistics,2.7 Pearson Correlation Coefficient,Exercise 42. Relationship between Customer Satisfaction and Contract Renewal,A mobile phone service company wants to analyze the link between customer satisfaction,63
Statistics with Python. 100 solved exercises for Data Analysis,stats_py_malato_2025,Chapter 2 Descriptive Statistics,2.8 Spearman's Rank Correlation Coefficient,Exercise 43. Analysis of Sales and Product Reviews,A new startup is launching a range of electronic products and wants to understand the relationship between weekly sales and customer reviews left on the website. Data has been collected for ten,66
Statistics with Python. 100 solved exercises for Data Analysis,stats_py_malato_2025,Chapter 2 Descriptive Statistics,2.8 Spearman's Rank Correlation Coefficient,Exercise 44. Performance Analysis of Marketing Campaigns,"A multinational company in the food sector is evaluating the effectiveness of its digital advertising campaigns. The company has collected data on the performance of 8 recent campaigns, measuring their budget (in thousands of euros) and perceived efficiency score. Each campaign was evaluated by a panel of experts who assigned a score from 1 to 10 based on public impact and return on investment. The data collected is as follows: CampaignBudget (x)Score (y) 1 120 8 2 100 6 3 150 9 4 80 5 5 200 8 6 50 4 7 170 8 8 130 7 Table 2.9: Budgets and scores. The company's goal is to understand the correlation between the invested budget in the campaigns and the efficiency score perceived by the experts.",69
Statistics with Python. 100 solved exercises for Data Analysis,stats_py_malato_2025,Chapter 2 Descriptive Statistics,2.8 Spearman's Rank Correlation Coefficient,Exercise 45. Assessment of the Relationship Between Social Media Engagement and Web Traffic,"An e-commerce company wants to explore the effectiveness of its social media presence in generating traffic to its website. The analytics team collected data over seven consecutive weeks, measuring engagement on social posts (in hundreds of interactions such as likes, comments, and shares) and the corresponding web traffic generated (in thousands of average daily visits). The collected data are: WeekSocial Engagement (x)Web Traffic (y) 1 10 8 2 15 13",69
Statistics with Python. 100 solved exercises for Data Analysis,stats_py_malato_2025,Chapter 3 Regression Analysis,3.1 Linear Regression,Exercise 46. Demand Analysis and Forecast for a New Product,"A technology company has recently launched a new electronic device onto the market. To optimize production and distribution, the data analysis department wants to examine how the product ’s price affects the weekly demand. Here are the data for the first 12 weeks of sales: WeekPrice (euro)Sales (units) 1 250 400 2 220 450 3 210 470 4 240 420 5 260 370 6 230 440 7 225 460 8 235 430",75
Statistics with Python. 100 solved exercises for Data Analysis,stats_py_malato_2025,Chapter 3 Regression Analysis,3.1 Linear Regression,Exercise 47,"Analysis of Production Time to Optimize the Output A clothing manufacturing company is aiming to improve efficiency on its production lines. Analysts have collected data on the total working time (in minutes) for each batch produced and the number of garments delivered in that timeframe, obtaining the following information: DayWorking Time (minutes)Garments Delivered 1350 150 2300 180 3400 130 4320 170",77
Statistics with Python. 100 solved exercises for Data Analysis,stats_py_malato_2025,Chapter 3 Regression Analysis,3.1 Linear Regression,Exercise 48,"Forecasting Future Sales Based on Past Expansion Trends An e- commerce company wants to estimate the number of new customers it will attract in the coming months thanks to a series of expansion initiatives already implemented. Over the past two years, the company has tracked the number of initiatives launched and the new customers acquired each quarter. The data is reported in the table below: Initiatives (number)New Customers (units) 1 120 3 330 4 480 6 620 8 790 Table 3.3: Initiatives and new customers. Use these data to estimate how many new customers the company could acquire in the next quarter if it plans to launch 5 new initiatives.",79
Statistics with Python. 100 solved exercises for Data Analysis,stats_py_malato_2025,Chapter 3 Regression Analysis,3.1 Linear Regression,Exercise 49,Employee Performance Prediction A technology company aims to discern how an employee's work experience influences their internally assessed performance. The company has collected data on employees that includes their job tenure and their annual performance score. The collected data is: Table 3.4: Experience and performance.Experience (years)Performance (score) 1 50 3 67 5 78 6 82 8 90 The company wants to predict the performance score of an employee with 7 years of experience. Use the provided data to estimate this score.,81
Statistics with Python. 100 solved exercises for Data Analysis,stats_py_malato_2025,Chapter 3 Regression Analysis,3.2 Exponential Regression,Exercise 50,"Growth of a Tech Startup A technology startup is analyzing its monthly growth in active users. In the first month, the startup had 100 active users. In the following five months, the number of active users grew to 150, 225, 337, 506, and 759 respectively. The CEO wants to establish a model that represents the growth rate of the user base over time and plans to use this model to project the number of users in the coming year. What is the most suitable mathematical model to describe the user growth? Calculate the projections for the seventh month and discuss whether the growth rate will remain sustainable in the long term.",83
Statistics with Python. 100 solved exercises for Data Analysis,stats_py_malato_2025,Chapter 3 Regression Analysis,3.2 Exponential Regression,Exercise 51,"Forecasting Sales of a New Mobile App A company developing mobile applications has recently launched a new fitness app. In the eight months following the launch, the monthly sales in thousands of units were: 200, 290, 421, 612, 889, 1291, 1874, 2716.",84
Statistics with Python. 100 solved exercises for Data Analysis,stats_py_malato_2025,Chapter 3 Regression Analysis,3.2 Exponential Regression,Example 52,"Analyzing Market Growth in an Innovative Sector A technology company called TechGrowth Inc. is analyzing the growth of its business volume over the past 5 years to plan its expansion strategy for the next 3 years. The historical revenue data, in millions of euros, is shown in the following table: Year Revenue (millions of euros) 201810 201911.5 202013.2 202115.1 202217.25 Table 3.5: Annual revenue. The management wants to forecast the revenue for the years 2023, 2024, and 2025. Using the available data, determine a possible growth model using an extrapolation method based on an appropriate regression model and calculate projections for the coming years.",86
Statistics with Python. 100 solved exercises for Data Analysis,stats_py_malato_2025,Chapter 3 Regression Analysis,3.2 Exponential Regression,Exercise 53,"Projection of Solar Energy Demand for a Company The company SolarWave Energy specializes in providing solar panels for private homes. Over the past 6 years, it has observed a trend in the number of annual installations that provides a solid basis for planning the future. The installation data (number of units) is as follows: Year Number of Installations 2016150 2017180 2018220 2019270 2020330 2021400 Table 3.6: Trend of the Number of Installations. The management wants to estimate the number of projected installations for the years 2022, 2023, and 2024 to plan the production and procurement of necessary materials. Use the available data to construct an appropriate projection model and calculate future estimates.",88
Statistics with Python. 100 solved exercises for Data Analysis,stats_py_malato_2025,Chapter 4 Conditional Probability,General,Exercise 54,"Analysis of a Product's Sales Forecasts A consumer electronics company is analyzing the performance of a new smartphone model launched in the market. The company wants to understand the effectiveness of its sales forecasts and the role of a specific advertising channel. After an analysis, the company collects the following data: • 70% of the sales forecasts turned out to be correct. • 20% of the correct forecasts were supported by social media advertising campaigns. • Overall, 30% of the actual sales are attributable to social media advertising campaigns. Management wants to know what is the probability that a sale supported by a social media advertising campaign was correctly forecasted.",90
Statistics with Python. 100 solved exercises for Data Analysis,stats_py_malato_2025,Chapter 4 Conditional Probability,General,Exercise 55. Analysis of the Effectiveness of a Retargeting Strategy,"An e- commerce company is evaluating the effectiveness of its retargeting campaign. The marketing managers want to understand how effective it is in converting site visitors into buyers. After collecting the data, the company observed that: • 60% of site visitors viewed retargeting ads. • Among those who saw the retargeting ads, 25% made a purchase. • Overall, 20% of site visitors made a purchase. Management wants to determine the probability that a visitor who made a purchase saw the retargeting ads. Solution",91
Statistics with Python. 100 solved exercises for Data Analysis,stats_py_malato_2025,Chapter 4 Conditional Probability,General,Exercise 56. Corporate Risk Analysis in the Insurance Sector,"An insurance company wants to analyze the risk of claims for customers who have auto insurance. After analyzing historical data, the company gathers the following information: • 10% of customers are involved in an accident annually. • 5% of customers are classified as high-risk. • 30% of high-risk customers had at least one accident in the past year. The company wants to know the probability that a customer who has had an accident belongs to the high-risk category.",92
Statistics with Python. 100 solved exercises for Data Analysis,stats_py_malato_2025,Chapter 4 Conditional Probability,General,Exercise 57. Production Analysis of a Manufacturing Plant,"A factory produces electronic components, including printed circuits, and wants to analyze the production process. The management has decided to focus on the product quality associated with a particular supplier of materials. • 12% of the components produced are defective. • 8% of the components were produced using materials from a specific supplier. • 20% of the defective components were produced with materials from the specified supplier. The management aims to determine the probability that a component produced with materials from the supplier is defective. Solution",94
Statistics with Python. 100 solved exercises for Data Analysis,stats_py_malato_2025,Chapter 4 Conditional Probability,General,Exercise 58. Performance Analysis of a Loyalty Program,"A retail company has implemented a loyalty program to increase sales. The management wants to analyze the effectiveness of the program by observing the relationship between participation in the program and the number of purchases over 100 euros. • 40% of customers are enrolled in the loyalty program. • Among the enrolled customers, 25% make purchases over 100 euros. • Among all customers, 15% make purchases over 100 euros. The management intends to determine the probability that a customer who made a purchase over 100 euros is enrolled in the loyalty program. Definition of events: • 'I' represents the event 'the customer is enrolled in the loyalty program'. • 'A' represents the event 'the customer makes a purchase over 100 euros'. Calculate this probability and analyze what this data indicates about the effectiveness of the program. Solution",95
Statistics with Python. 100 solved exercises for Data Analysis,stats_py_malato_2025,Chapter 5 Probability Distributions,5.1 Binomial Distribution,Exercise 59. Sales Forecasting on an Ecommerce Site,"An ecommerce company has launched a new advertising campaign and wishes to predict the effectiveness of this initiative. For a sample of 1000 site visitors, the analyst has determined that the probability of a single visitor making a purchase is, on average, 15%. Calculate the probability that more than 200 of these visitors will make a purchase. Assume that the purchasing decisions of different visitors are independent of each other. Solution",99
Statistics with Python. 100 solved exercises for Data Analysis,stats_py_malato_2025,Chapter 5 Probability Distributions,5.1 Binomial Distribution,Exercise 60. Analysis of Fraudulent Claims,"A financial company conducts an analysis on the reimbursement claims received from its clients, noting that historically 2% of the claims turn out to be fraudulent. In a specific month, 300 claims are submitted to the department. Calculate the probability that at least 10 of these claims are fraudulent. Assume that each claim is independent of the others. Solution",101
Statistics with Python. 100 solved exercises for Data Analysis,stats_py_malato_2025,Chapter 5 Probability Distributions,5.2 Poisson Distribution,Exercise 61. Customer Flow Management in a Retail Store,"In a shopping mall, an electronics store has observed that the average number of customers entering one of its branches in an hour is 25. The staff management has identified 30 customers as the maximum manageable number of people at the same time without compromising the quality of service. You want to calculate the probability that more than 30 customers will enter a particular retail outlet within an hour. Solution",104
Statistics with Python. 100 solved exercises for Data Analysis,stats_py_malato_2025,Chapter 5 Probability Distributions,5.2 Poisson Distribution,Exercise 62. Warehouse Management Problem,A small e-commerce company receives an average of 3 fragile product orders per day. The warehouse capacity allows careful handling of up to 5 fragile product orders daily without incurring overload damage. Calculate the probability that the number of fragile orders received in one day exceeds the manageable number of 5 orders. Solution,105
Statistics with Python. 100 solved exercises for Data Analysis,stats_py_malato_2025,Chapter 5 Probability Distributions,5.3 Exponential Distribution,Exercise 63. Managing Customer Flow in a Retail Store,"An electronics store has observed that the average waiting time between the arrival of one customer and the next is 5 minutes. The store manager wants to improve staff efficiency and optimize customer service. Calculate the probability that, in any given period, two customers will arrive less than 10 minutes apart.",107
Statistics with Python. 100 solved exercises for Data Analysis,stats_py_malato_2025,Chapter 5 Probability Distributions,5.3 Exponential Distribution,Exercise 64. Efficiency of a Call Center's Response,"In a telemarketing service company, the team manager is evaluating the effectiveness of its customer response system. Currently, the average response time of the operators, from the moment a call arrives until its actual handling, is 2 minutes. We want to determine the probability that a customer will have to wait more than 3 minutes before receiving a response, as they typically hang up at that point. Evaluating this probability will help the company to verify the adequacy of its resources and implement any improvements to avoid losing contact with potential customers.",108
Statistics with Python. 100 solved exercises for Data Analysis,stats_py_malato_2025,Chapter 5 Probability Distributions,5.4 Uniform Distribution,Exercise 65. Sales Analysis in a Clothing Store,"A clothing store receives daily supplies of a particular item of clothing. The supply manager, to better plan orders, has determined that the number of items sold daily ranges from a minimum of 10 to a maximum of 50 items. With this in mind, calculate the average number of items sold per day. Assume that sales are equally likely in this range.",110
Statistics with Python. 100 solved exercises for Data Analysis,stats_py_malato_2025,Chapter 5 Probability Distributions,5.4 Uniform Distribution,Exercise 66. Optimization of Logistics in a Warehouse,"An e-commerce company wants to optimize warehouse management. They know that the delivery time of a supplier for orders varies from 2 to 5 days. The logistics manager wants to determine the probability that the delivery time for an order is less than 4 days. Also, calculate the average delivery time and discuss how this information could influence the management of safety stock in the warehouse.",111
Statistics with Python. 100 solved exercises for Data Analysis,stats_py_malato_2025,Chapter 5 Probability Distributions,5.5 Triangular Distribution,Exercise 67. Optimization of the Product Launch Timeline,"In a software development company, the project team is planning the launch of a new product. It is estimated that the time necessary to complete the final testing phase varies between a minimum of 5 days and a maximum of 15 days. Historical information and team experience suggest that the most likely time to complete this activity is around 10 days. However, the marketing team needs to know the probability that this phase will take more than 10 days in order to plan any corrective actions. Determine this probability considering that the time taken follows a specific continuous distribution between days 5 and 15.",113
Statistics with Python. 100 solved exercises for Data Analysis,stats_py_malato_2025,Chapter 5 Probability Distributions,5.5 Triangular Distribution,Exercise 68. Inventory Management and Delivery Time Estimation,"An online store selling technology products is optimizing the inventory management of its warehouses. The company wants to predict the time needed to receive a new batch of products from an overseas supplier. Based on previous experiences, the delivery time can vary between a minimum of 7 days and a maximum of 21 days. However, a delivery time of 14 days is considered the most probable according to the commercial agreements with the supplier. The logistics manager would like to know the probability that an order will take less than 12 days to arrive, in order to improve the planning of sales promotions and warehouse management. Calculate this probability.",114
Statistics with Python. 100 solved exercises for Data Analysis,stats_py_malato_2025,Chapter 5 Probability Distributions,5.6 Normal Distribution,Exercise 69. Delivery Time Analysis,"A logistics company has recorded the delivery times of its packages in various cities. Delivery times are influenced by numerous factors such as traffic, weather conditions, and distance. Management wants to estimate the average delivery time in a specific city to optimize customer service. A study is conducted where 45 days are randomly selected, and delivery times for each package are recorded. The result is a dataset with an average of 50 minutes and a standard deviation of 10 minutes. Determine the probability that the average delivery time exceeds 52 minutes based on the sample taken, assuming the distribution of delivery times on any given day can vary. Assume the normality of the samples in the calculations.",116
Statistics with Python. 100 solved exercises for Data Analysis,stats_py_malato_2025,Chapter 5 Probability Distributions,5.6 Normal Distribution,Exercise 70. Customer Satisfaction Analysis,"A restaurant chain wants to evaluate the average customer satisfaction to improve service quality. Management decides to collect data from satisfaction surveys filled in by customers over 60 different days. The satisfaction score is a numerical measure ranging from 1 to 100, and the collected data show an average of 80 with a standard deviation of 12. The company wants to know the probability that the average satisfaction calculated over these 60 days is less than 78, considering that satisfaction on any given day can vary depending on several factors such as waiting time, service quality, and the menu of the day. Assume the validity of the normal distribution of satisfaction scores calculated over the samples.",118
Statistics with Python. 100 solved exercises for Data Analysis,stats_py_malato_2025,Chapter 6 Hypothesis Testing,6.1 Student's t-test for a Single Sample Mean,Exercise 71,"Performance Analysis of a New Company Search Engine A large e- commerce company recently implemented a new search engine on its website. Before the change, the average time to find a product was 2.5 seconds. Management wants to verify if the new search engine has indeed changed the average time required to find a product. For this reason, a random sample of 30 recent searches was selected, showing an average of 2.7 seconds and a standard deviation of 0.6 seconds. Assuming that the distribution of search times follows a normal distribution, determine if there is a significant difference in the average search time with a significance level of 5%.",123
Statistics with Python. 100 solved exercises for Data Analysis,stats_py_malato_2025,Chapter 6 Hypothesis Testing,6.1 Student's t-test for a Single Sample Mean,Exercise 72,"Performance Analysis of Production Machines A manufacturing company is evaluating the efficiency of its production machines after a recent major maintenance intervention. Historically, the average time to produce one unit was 1.2 minutes. After the intervention, to determine if there was an improvement in production performance, an engineer collected a random sample of 25 units produced, recording an average time of 1.1 minutes and a standard deviation of 0.3 minutes. Given this scenario and a 5% significance level, the company wants to understand whether the maintenance intervention has improved the average production time.",124
Statistics with Python. 100 solved exercises for Data Analysis,stats_py_malato_2025,Chapter 6 Hypothesis Testing,6. 2 Student's t-test for the Means of Two Samples,Exercise 73,"Productivity Analysis in Two Plants A manufacturing company has two plants, one located in Milan and the other in Rome. Management wants to compare the average productivity of the two plants to determine if one is significantly more productive. For this reason, production hours per shift are collected in both plants. The sample data are as follows: . Milan: [8, 7.5, 8, 7, 8.5, 9, 7.8, 8.2, 8, 7.5] . Rome: [6, 6.5, 7, 6, 6.8, 7.2, 7, 6.5, 6.7, 7.1] Suppose the variances of the two populations are different. Verify, using a significance level of 5%, whether there is a significant difference between the two productivity means.",127
Statistics with Python. 100 solved exercises for Data Analysis,stats_py_malato_2025,Chapter 6 Hypothesis Testing,6. 2 Student's t-test for the Means of Two Samples,Exercise 74,"Comparison between Two New Marketing Campaigns A company specializing in digital marketing has launched two new online advertising campaigns to promote a beauty product. The campaigns were managed on two different social media platforms: the first on Instagram and the second on Facebook. After one month, data was collected on purchases made by users who interacted with the ads on both platforms: • Instagram: [85, 90, 88, 92, 89, 91, 87, 86, 95, 94] • Facebook: [80, 78, 85, 82, 81, 83, 79, 77, 84, 82] The management wants to determine if the difference in the average number of purchases prompted by the two platforms is significant. A significance level of 5% is used.",128
Statistics with Python. 100 solved exercises for Data Analysis,stats_py_malato_2025,Chapter 6 Hypothesis Testing,6.3 Z-test on Proportions,Exercise 75,"Exploratory Analysis of a Marketing Campaign A software company launched a new SaaS product on the market and initiated a marketing campaign to promote it. Historically, the average conversion rate of potential customers to paying subscribers for similar products has been 4%. After the first month of the campaign, the marketing team collected data and found that out of 1200 potential customers, 60 became paying subscribers. Using a significance level of 5%, the team intends to verify if the campaign has led to a significant difference in the conversion rate compared to the historical average. Determine if the campaign had an impact on the conversion rate.",132
Statistics with Python. 100 solved exercises for Data Analysis,stats_py_malato_2025,Chapter 6 Hypothesis Testing,6.3 Z-test on Proportions,Exercise 76,"Verification of the Effectiveness of a Quality Improvement Strategy A manufacturing company wishes to improve the quality of products in one of its automotive production lines. Historically, the percentage of defective parts has been 8%. After implementing a new quality control strategy, a sample of 500 parts was inspected, and it was found that 30 of these were defective. Management wants to know if the new strategy has led to a significant change in the percentage of defective parts. Using a 5% significance level, determine if there is a significant difference in the defect percentage.",134
Statistics with Python. 100 solved exercises for Data Analysis,stats_py_malato_2025,Chapter 6 Hypothesis Testing,6.4 One-Way ANOVA on the Mean of Multiple Groups,Exercise 77. Analysis of Differences in Customer Service Response Times Across Different Regions,"A major e-commerce company wants to evaluate whether there are significant differences in customer service response times across different regions. The collected data includes average response times (in minutes) for three different regions: North, Center, and South. A statistical analysis is requested to determine if the average response time differences between the regions are significant. Data: . North: 10, 12, 15, 14, 13 . Center: 9, 8, 10, 11, 10 . South: 14, 16, 15, 17, 15 Determine if there are significant differences in the average response times among the three regions. Assume that the distributions are normal with equal variance.",137
Statistics with Python. 100 solved exercises for Data Analysis,stats_py_malato_2025,Chapter 6 Hypothesis Testing,6.4 One-Way ANOVA on the Mean of Multiple Groups,Exercise 78. Customer Satisfaction Analysis in Different Branches,"A chain of retail stores wants to understand if there are significant differences in customer satisfaction between different branches located in distinct geographical areas. The collected data includes the average customer satisfaction score (on a scale from 1 to 10) for three branches located in different areas: Urban, Suburban, and Rural. Collected data: . Urban: 7, 8, 7, 6, 9 • Suburban: 5, 6, 5, 7, 6 . Rural: 8, 7, 9, 9, 8 Determine whether the differences in average customer satisfaction scores between branches are statistically significant. Assume the distributions are normal and have the same variance.",138
Statistics with Python. 100 solved exercises for Data Analysis,stats_py_malato_2025,Chapter 6 Hypothesis Testing,6.5 Kruskal-Wallis Test on the Median of Multiple Groups,Exercise 79. Performance Analysis of Sales Teams,"A clothing company wants to compare the sales performance of three different teams located in Northern, Central, and Southern Italy. Each team provided weekly revenue for a period of one month. The collected data is as follows: . North: [1500, 1600, 1650, 1580] . Central: [1400, 1490, 1520, 1470] . South: [1550, 1450, 1500, 1480] The company wants to determine if there are significant differences in the sales performance of the three teams. Assuming that the data might not follow a normal distribution, how should the company proceed?",142
Statistics with Python. 100 solved exercises for Data Analysis,stats_py_malato_2025,Chapter 6 Hypothesis Testing,6.5 Kruskal-Wallis Test on the Median of Multiple Groups,Exercise 80. Customer Satisfaction Comparison Between Departments,"A technology company wants to evaluate the level of satisfaction of the customers managed by three support departments: Software, Hardware, and Networks. For each department, feedback scores have been collected from various customers as follows: • Software: [85, 90, 78, 88, 92] • Hardware: [80, 82, 78, 76, 85] . Networks: [88, 85, 84, 87, 90] The company wants to determine if there are significant differences in the customer satisfaction levels among the three departments. Considering that the feedback scores may not follow a normal distribution, how should the company proceed to reach a significant conclusion?",143
Statistics with Python. 100 solved exercises for Data Analysis,stats_py_malato_2025,Chapter 6 Hypothesis Testing,6.6 Levene ’s Test for Equality of Variances Across Multiple Groups,Exercise 81. Comparison of Quarterly Sales Variances Between Two Regions,"An international company produces and distributes industrial machinery worldwide. The company's marketing division wants to determine if the variability of quarterly sales differs significantly between two regions: Western Europe and Eastern Asia. Analysts have collected data on quarterly sales, recording the value for each quarter over the past five years for both regions. The data are as follows: • Western Europe (in millions of euros): [20, 22, 23, 25, 21, 24, 26, 23, 24, 22, 25, 23, 24, 22, 25, 27, 20, 22, 23, 24] . Eastern Asia (in millions of euros): [18, 20, 21, 19, 20, 22, 23, 21, 19, 20, 21, 20, 18, 21, 23, 22, 20, 19, 21, 20] It is required to determine if there is a significant difference in the variability of quarterly sales between the two regions. Calculate and interpret the results of the appropriate statistical test.",146
Statistics with Python. 100 solved exercises for Data Analysis,stats_py_malato_2025,Chapter 6 Hypothesis Testing,6.6 Levene ’s Test for Equality of Variances Across Multiple Groups,Exercise 82. Analysis of Turnover Variability,"A major consulting firm has divided its workforce into three regional teams: North America, Europe, and Asia-Pacific. Each team has worked on similar projects and now the human resources department wants to check if there is a significant difference in the quarterly staff turnover variability among these three regions. The recent data related to turnover rates for the last six quarters are: . North America: [5.2, 4.9, 5.5, 5.0, 5.3, 5.1] . Europe: [5.7, 5.5, 5.8, 5.6, 5.9, 5.7] • Asia-Pacific: [4.8, 4.7, 4.9, 4.8, 4.6, 4.7] Determine if there is a significant difference in turnover variability among the three groups using an appropriate statistical test.",147
Statistics with Python. 100 solved exercises for Data Analysis,stats_py_malato_2025,Chapter 6 Hypothesis Testing,6.7 One-Sample Kolmogorov-Smirnov Test,Exercise 83. Analysis of Product Demand,"An electronics company wants to understand if the weekly distribution of sales for a new smartphone model follows a certain predictive normal distribution. This predictive distribution has been built based on weekly sales of similar models over the past five years. The company collected a 10-week sales sample for the new smartphone model, with the following sales data (in units): 110, 112, 107, 115, 108, 111, 116, 109, 113, 114. The predictive distribution can be described as a normal with mean p = 112 and standard deviation o = 3. It is required to verify if the sales sample belongs to the predictive distribution. Use a significance level of 5%.",150
Statistics with Python. 100 solved exercises for Data Analysis,stats_py_malato_2025,Chapter 6 Hypothesis Testing,6.7 One-Sample Kolmogorov-Smirnov Test,Exercise 84. Analysis of Production Quality at a Bottling Plant,"A bottled beverage company has recently upgraded one of its bottling plants and wants to evaluate if the production quality in terms of bottle fill volume follows the expected distribution based on historical performance. A previous study established that the liquid volume in bottles should follow a normal distribution with a mean of p = 500 ml and a standard deviation of a = 5 ml. The company decides to test the quality by taking a sample of 15 bottles filled at the new plant, with the following measured volumes (in ml): 498, 502, 501, 499, 500, 503, 497, 499, 501, 500, 500, 498, 504, 505, 496. The company wants to statistically determine whether the volume filled by the new machines can be considered consistent with their expected normal distribution, using a significance level of 5%.",151
Statistics with Python. 100 solved exercises for Data Analysis,stats_py_malato_2025,Chapter 6 Hypothesis Testing,6.8 Two-Sample Kolmogorov-Smirnov Test,Exercise 85. Analysis of Sales Distribution,"An e-commerce company wants to understand if purchasing habits between two user groups, originating from two different advertising campaigns, are statistically different. Data on transaction values made by each group during an entire month have been collected. Group A made the following purchases (in euros): 89, 95, 102, 110, 74, 93, 87, 105, 99, 91. Group B, however, made the following purchases (in euros): 77, 85, 112, 120, 108, 92, 95,",153
Statistics with Python. 100 solved exercises for Data Analysis,stats_py_malato_2025,Chapter 6 Hypothesis Testing,6.8 Two-Sample Kolmogorov-Smirnov Test,Exercise 86. Differences in Purchasing Behavior Between Advertising Campaigns,"A fashion company launched two distinct advertising campaigns to promote their new autumn collection. After a month, the company's marketing team wants to analyze whether there are significant differences in sales generated by each campaign. Sales data (in number of items sold) were collected for ten consecutive days for each target group. Campaign 1 recorded the following daily sales: [12, 15, 14, 10, 13, 17, 20, 15, 16, 14]. Campaign 2 recorded the following daily sales instead: [18, 14, 17, 15, 20, 22, 19, 17, 16, 21]. The management requires a statistical analysis to determine if the sales distributions differ significantly. A standard significance level of a = 0.05 is assumed. Accompany your response with the statistical reasoning of the case.",155
Statistics with Python. 100 solved exercises for Data Analysis,stats_py_malato_2025,Chapter 6 Hypothesis Testing,6.9 Shapiro-Wilk Normality Test,Exercise 87. Verification of Normality in Delivery Times,"In a logistics company, the quality manager wants to analyze delivery times to evaluate if the data follows a normal distribution. The times were collected for 30 recent deliveries (expressed in days): [2.3, 2.5, 3.1, 2.8, 3.0, 2.7, 2.9, 2.6, 3.4, 3.2, 3.0, 2.5, 3.5, 3.0, 2.8, 2.6, 2.7, 3.3, 3.1, 2.9, 2.4, 3.5, 2.8, 2.6, 2.9, 3.0, 2.7, 3.1, 3.0, 2.8]. The manager suspects that variability in delivery times might affect the logistics process. Analyze the collected data to confirm the hypothesis that they follow a normal distribution",157
Statistics with Python. 100 solved exercises for Data Analysis,stats_py_malato_2025,Chapter 6 Hypothesis Testing,6.9 Shapiro-Wilk Normality Test,Exercise 88. Analysis of Order Preparation Time in a Restaurant,"In a chain restaurant, the operations manager wants to evaluate whether the preparation times for main courses follow a statistical model intended to optimize kitchen resources. The preparation times for 40 main dishes (in minutes) were collected during a typical lunch shift: [12.2, 10.8, 11.5, 13.6, 12.0, 11.7, 12.4, 13.1, 10.9, 11.3, 12.6, 13.0, 12.8, 11.4, 12.1, 13.3, 12.9, 11.6, 13.5, 12.3, 11.0, 10.8, 13.7, 12.5, 11.9, 13.4, 12.7, 11.2, 11.8, 13.2]. The manager intends to determine if the preparation times can be considered normal to more accurately predict staff needs. Evaluate the data to confirm whether they follow a",158
Statistics with Python. 100 solved exercises for Data Analysis,stats_py_malato_2025,Chapter 6 Hypothesis Testing,6.10 Chi-Square Test on Contingency Tables,Exercise 89. Analysis of Purchasing Patterns in a Supermarket,"A supermarket wants to understand if there is a significant relationship between the age groups of customers and their preference for certain types of products. They have divided the clientele into three age groups: 18-30, 31-50, and over 50. The products have been classified into three categories: Fresh, Canned, and Frozen. Observations on a thousand buyers have been recorded in the following table. Table 6.1: Age groups and product categories.Age GroupFreshCannedFrozen 18-30 150 60 90 31-50 200 90 110 Over 50 250 110 130 Analyze the data and determine if there is a significant association between the age groups of customers and their product type preferences. Use a significance level of 5%.",161
Statistics with Python. 100 solved exercises for Data Analysis,stats_py_malato_2025,Chapter 6 Hypothesis Testing,6.10 Chi-Square Test on Contingency Tables,Exercise 90. Analysis of Corporate Transportation Preferences Based on Job Position,"A multinational company wishes to understand if there is a significant relationship between the job position of its employees and their choice of transportation method for commuting. The positions are divided into three categories: Junior, Middle, and Senior. The chosen modes of transport are: Car, Public Transport, and Bicycle. Data from a sample of 900 employees was collected in the following table.",163
Statistics with Python. 100 solved exercises for Data Analysis,stats_py_malato_2025,Chapter 6 Hypothesis Testing,6.11 Fisher's Exact Test on 2x2 Tables,Exercise 91,Analysis of the Impact of an Advertising Campaign An e-commerce company wants to determine the effectiveness of a new advertising campaign. The company has launched a campaign on two different social media platforms and wants to understand if the campaign has significantly influenced purchasing behavior. The company collected the following data one month after the campaign: PurchaseNo Purchase Active Advertisement 45 55 Inactive Advertisement30 70 Table 6.4: Impact of the campaign. Evaluate if there is a significant difference in purchasing behavior between the two groups (with active advertisement and without advertisement).,166
Statistics with Python. 100 solved exercises for Data Analysis,stats_py_malato_2025,Chapter 6 Hypothesis Testing,6.11 Fisher's Exact Test on 2x2 Tables,Exercise 92,"Analysis of the effectiveness of a promotional strategy A supermarket chain has implemented a new promotional strategy to increase sales of a certain brand A product. The promotion was conducted in some selected stores, while no promotional strategy was implemented in other stores. After a month, the company wants to understand if the promotional strategy had a significant impact on the product's sales. The company collected the following data on the sales of brand A product: High SalesLow Sales Stores with promotion 80 40 Stores without promotion60 60 Table 6.5: Impact of the promotional strategy. Evaluate if there is a significant difference in sales of brand A product between stores with and without promotion.",167
Statistics with Python. 100 solved exercises for Data Analysis,stats_py_malato_2025,Chapter 7 Confidence Intervals,7.1 Confidence Intervals for the Mean,Exercise 93,"Analysis of Monthly Sales in Two Different Regions A company wants to compare the sales efficiency between two regions: Region A and Region B. Over the past year, they have collected data on the monthly sales for each region. The management wants an accurate estimate of the average monthly sales for each region and wants to know if there is a significant difference between the two regions. For both regions, the collected data are as follows (in thousands of euros): Region A: [65, 70, 62, 68, 74, 69, 72, 71, 66, 73, 75, 68] Region B: [60, 62, 58, 66, 63, 65, 67, 64, 61, 66, 62, 67] Calculate the 95% confidence interval for the average sales of each region and compare the two intervals to determine if the sales efficiency significantly differs between the two regions.",171
Statistics with Python. 100 solved exercises for Data Analysis,stats_py_malato_2025,Chapter 7 Confidence Intervals,7.1 Confidence Intervals for the Mean,Exercise 94,"Analysis of the performance of two project teams A technology company has two software development teams: Team X and Team Y. Over the past year, the company has tracked the number of projects completed monthly by each team. The company management desires an accurate estimate of the average number of projects completed monthly for each team and wants to know if there is a significant difference in performance between the two teams. For both teams, the collected data are as follows (projects completed monthly): . Team X: [8, 9, 7, 10, 12, 11, 13, 8, 9, 11, 10, 12] • Team Y: [7, 8, 6, 9, 8, 10, 7, 9, 6, 8, 7, 9] Calculate the 95% confidence interval for the mean number of projects completed by each team and compare the two intervals to determine if the performance differs significantly between the two teams.",173
Statistics with Python. 100 solved exercises for Data Analysis,stats_py_malato_2025,Chapter 7 Confidence Intervals,7.1 Confidence Intervals for the Mean,Exercise 95,"Operational Efficiency Analysis of a Company A technology company recently implemented a new warehouse management system with the aim of improving operational efficiency. After one month of implementation, the company management wants to verify whether the average order processing time, calculated in minutes, has improved compared to the previous company benchmark of 30 minutes. Data related to the processing time for a random sample of 50 orders were collected, and an average of 28 minutes with a standard deviation of 5 minutes was calculated. 1. Calculate and interpret a 95% confidence interval for the average order processing time after the implementation of the new system. 2. Based on the calculated confidence interval, can the company conclude that the new system is more efficient than the benchmark of 30 minutes? Justify your answer.",175
Statistics with Python. 100 solved exercises for Data Analysis,stats_py_malato_2025,Chapter 7 Confidence Intervals,7.1 Confidence Intervals for the Mean,Exercise 96,"Operational Efficiency Analysis and Benchmark Comparison A supermarket chain recently introduced a new payment system aiming to reduce the average waiting time in line. Historically, the company's benchmark for the average waiting time is 10 minutes. To evaluate the effectiveness of the new system, a study was conducted on a random sample of 60 receipts, recording an average waiting time of 8.5 minutes with a standard deviation of 2 minutes. 1. Calculate and interpret a 95% confidence interval for the average waiting time in line with the new payment system. 2. Based on the calculated confidence interval, can the company consider the new system more efficient than the previous benchmark of 10 minutes? Justify your answer.",176
Statistics with Python. 100 solved exercises for Data Analysis,stats_py_malato_2025,Chapter 7 Confidence Intervals,7.2 Confidence Intervals for Proportions,Exercise 97,"Analysis of the Return Rate of Advertising Campaigns An e-commerce company wants to evaluate the effectiveness of two different online advertising campaigns, called Campaign A and Campaign B, launched in the same period. For both Campaign A and Campaign B, it recorded the total number of ad views and the number of conversions (purchases made). The data are as follows: • Campaign A: 1200 views, 300 conversions • Campaign B: 1500 views, 360 conversions Calculate the 95% confidence interval for the conversion rate of both campaigns. Compare the two conversion rates and determine if the difference is statistically significant at the 5% significance level. Assuming that the number of views is sufficient to allow a normal approximation, your task is to help the company understand which campaign was more effective.",179
Statistics with Python. 100 solved exercises for Data Analysis,stats_py_malato_2025,Chapter 7 Confidence Intervals,7.2 Confidence Intervals for Proportions,Exercise 98,"Analysis of the effectiveness of two discount strategies A supermarket wants to evaluate the effectiveness of two different discount strategies applied to a particular product, referred to as Product X, during a specific week. Strategy 1 offered a 10% discount, while Strategy 2 provided a voucher of 5 euros on the total purchase for customers who bought at least one unit of Product X. The following data were collected: • Strategy 1: 800 total customers during the week, 240 purchased Product X. • Strategy 2: 1000 total customers during the week, 310 purchased Product X.",180
Statistics with Python. 100 solved exercises for Data Analysis,stats_py_malato_2025,Chapter 7 Confidence Intervals,7.2 Confidence Intervals for Proportions,Exercise 99. Market Analysis: Customer Satisfaction Evaluation,"An e-commerce company wants to evaluate its customers' satisfaction with its delivery services. In the past, an industry research showed a benchmark satisfaction level of 0.88 (88% satisfied customers). The company recently conducted a survey on a random sample of 150 customers, discovering that 132 customers are satisfied. Based on these results, you need to: 1. Calculate the 95% confidence interval for the proportion of satisfied customers of the company. 2. Determine, with a 5% level of significance, if the customer satisfaction of the company is in line with the industry benchmark. Solve the above points, explaining each step.",182
Statistics with Python. 100 solved exercises for Data Analysis,stats_py_malato_2025,Chapter 7 Confidence Intervals,7.2 Confidence Intervals for Proportions,Exercise 100. Analysis of Telephone Customer Service Quality,"A telephone service company has received numerous reports about call quality. According to a sector survey conducted last year, the quality benchmark for similar services was 0.90 (90% of calls without disturbances). The company recently conducted a survey on a random sample of 120 customers and found that 105 of them confirmed calls without issues. Based on these results, it is required to: 1. Calculate the 95% confidence interval for the proportion of customers satisfied with call quality. 2. Determine, with a significance level of 5%, if the company's call quality is in line with the sector benchmark.",184
